

CREATE TABLE `jeoXillityCrm_systemConfigurations` (
  `id` varchar(200) NOT NULL,
  `profile_pic` varchar(256) DEFAULT '',
  `company` varchar(256) DEFAULT '',
  `email` varchar(256) DEFAULT '',
  `about` varchar(256) DEFAULT '',
  `number` varchar(256) DEFAULT '',
  `role` varchar(256) DEFAULT '',
  `enable_disable` varchar(256) DEFAULT '',
  `gmail` varchar(256) DEFAULT '',
  `phone_number` varchar(256) DEFAULT '',
  `company_mail` varchar(256) DEFAULT '',
  `address` varchar(256) DEFAULT '',
  `facebook_link` varchar(256) DEFAULT '',
  `twitter_link` varchar(256) DEFAULT '',
  `linkedin_link` varchar(256) DEFAULT '',
  `instagram_link` varchar(256) DEFAULT '',
  `youtube_link` varchar(256) DEFAULT '',
  `pinterest_link` varchar(256) DEFAULT '',
  `current_password` varchar(256) DEFAULT '',
  `new_password` varchar(256) DEFAULT '',
  `confirm_password` varchar(256) DEFAULT '',
  `timeAdded` varchar(256) DEFAULT NULL,
  `created_at` timestamp NULL DEFAULT current_timestamp(),
  `updated_at` timestamp NULL DEFAULT current_timestamp() ON UPDATE current_timestamp(),
  `userId` varchar(256) DEFAULT '',
  PRIMARY KEY (`id`)
) ENGINE=InnoDB DEFAULT CHARSET=utf8mb4 COLLATE=utf8mb4_unicode_ci;

INSERT INTO jeoXillityCrm_systemConfigurations VALUES ('A0E4IGNDSQ', '', 'Pakistans', 'Dummy@gami.com', 'How are you ', '70', 'project_manager', 'disable', 'www.fahad1235@gmail.com', '+1 (471) 613-1968', 'https://www.suviqiqadiso.co.uk', 'Gulistan Colony', 'https://www.dogucyzec.cc', 'https://www.lupoboxamose.com.au', 'https://www.dogucyzec.cc', 'https://www.wemijutoke.net', 'https://www.dogucyzec.cc', 'https://www.zanocybozasyror.co.uk', '', '', '', '1715584587', '2024-05-13 07:16:27', '2024-05-13 07:16:27', 'admin');
INSERT INTO jeoXillityCrm_systemConfigurations VALUES ('admin', '', 'Company name', 'username', 'des', '1', 'admin', 'disable', '2@2.com', '3', 'https://portal.xillity-crm.online/', '4', 'https://portal.xillity-crm.online/', 'https://portal.xillity-crm.online/', 'https://portal.xillity-crm.online/', 'https://portal.xillity-crm.online/', 'https://portal.xillity-crm.online/', 'https://portal.xillity-crm.online/', '', '', '', '1715752899', '2024-05-15 06:01:39', '2024-05-15 06:24:04', 'admin');
INSERT INTO jeoXillityCrm_systemConfigurations VALUES ('IW5CUH7HU9', '', 'Fisher Sampson Plc', 'rykyvelac@mailinator.com', 'Fugit nulla sit dui', '962', 'manager', 'enable', 'zepi@mailinator.com', '+1 (596) 742-1738', 'https://www.qolij.com', 'Sequi cumque nostrud', 'https://www.bupyzyvala.org', 'https://www.jelidy.mobi', 'https://www.guh.co', 'https://www.hedyxyxafod.org.au', 'https://www.huwukyqoraneva.mobi', 'https://www.dogucyzec.cc', '', '', '', '1715584193', '2024-05-13 07:09:53', '2024-05-13 07:09:53', 'admin');
INSERT INTO jeoXillityCrm_systemConfigurations VALUES ('IW8Y69UY1A', '', 'Cobb Beck Traders', 'huhig@mailinator.com', 'Voluptate possimus ', '468', 'managing', 'enable', 'liqemixyka@mailinator.com', '+1 (873) 998-8867', 'https://www.tefi.info', 'Excepteur voluptates', 'https://www.veqocojifidovo.tv', 'https://www.qanamez.cc', 'https://www.kisady.tv', 'https://www.tigovuvofadamas.me.uk', 'https://www.bupiwygap.cc', 'https://www.mokego.net', '', '', '', '1715692698', '2024-05-14 13:18:18', '2024-05-14 13:18:18', 'admin');
INSERT INTO jeoXillityCrm_systemConfigurations VALUES ('JWVXSH6ICT', '', 'Farrell and Hahn Co', 'kyfuhyx@mailinator.com', 'Commodi do eiusmod f', '638', 'project_manager', 'disable', 'lomined@mailinator.com', '+1 (188) 676-2055', 'https://www.picypomehom.info', 'Voluptatem Neque ni', 'https://www.fyhacypywakupo.org', 'https://www.peru.com.au', 'https://www.xyhi.co.uk', 'https://www.bojo.org.uk', 'https://www.lik.co.uk', 'https://www.tipy.org.au', '', '', '', '1715671563', '2024-05-14 07:26:03', '2024-05-14 07:26:03', 'admin');
INSERT INTO jeoXillityCrm_systemConfigurations VALUES ('TJOO3SJCNP', '', 'Sweet and Copeland LLC', 'goveze@mailinator.com', 'Repudiandae vitae no', '91', 'managing', 'disable', 'fyfufyca@mailinator.com', '+1 (502) 112-8531', 'https://www.zenesokitux.biz', 'Sed et sed repellend', 'https://www.livixupedamav.co', 'https://www.zaveho.biz', 'https://www.sumudaqazi.org.au', 'https://www.ceticorag.me', 'https://www.pigejufozy.com', 'https://www.refekosoqovepa.ws', '', '', '', '1715749027', '2024-05-15 04:57:07', '2024-05-15 04:57:07', 'admin');
INSERT INTO jeoXillityCrm_systemConfigurations VALUES ('VG659JETU2', '', 'Roman Dean Traders', 'muki@mailinator.com', 'Numquam debitis sed ', '267', 'chairman', 'enable', 'zycakoruda@mailinator.com', '+1 (244) 393-1889', 'https://www.dykani.us', 'Debitis vero quia ve', 'https://www.zyqa.me', 'https://www.telozi.biz', 'https://www.pejoha.in', 'https://www.latagoc.org', 'https://www.jejukit.info', 'https://www.mawapixisuq.cc', '', '', '', '1715670026', '2024-05-14 07:00:26', '2024-05-14 07:00:26', 'admin');
INSERT INTO jeoXillityCrm_systemConfigurations VALUES ('ZNDF4QFBYL', '', 'Cash Cortez Associates', 'banezicu@mailinator.com', 'Quo expedita sit si', '436', 'manager', 'enable', 'wasaji@mailinator.com', '+1 (704) 335-1962', 'https://www.satavupe.co', 'Libero sapiente nost', 'https://www.kovupavej.co.uk', 'https://www.kycesyvi.org', 'https://www.zynytelyrot.tv', 'https://www.xunu.tv', 'https://www.ficojinip.me.uk', 'https://www.jibatohywab.co.uk', '', '', '', '1715749343', '2024-05-15 05:02:23', '2024-05-15 05:02:23', 'admin');


CREATE TABLE `jeoXillityCrm_tasks` (
  `id` varchar(200) NOT NULL,
  `name` varchar(256) DEFAULT '',
  `start_date` varchar(256) DEFAULT '',
  `end_date` varchar(256) DEFAULT NULL,
  `assignedTo` varchar(256) DEFAULT NULL,
  `repeatedTime` varchar(256) DEFAULT NULL,
  `priority` varchar(256) DEFAULT '',
  `timeAdded` varchar(256) DEFAULT NULL,
  `created_at` timestamp NOT NULL DEFAULT current_timestamp(),
  `updated_at` timestamp NOT NULL DEFAULT current_timestamp() ON UPDATE current_timestamp(),
  `userId` varchar(256) DEFAULT '',
  `description` varchar(256) DEFAULT NULL,
  PRIMARY KEY (`id`)
) ENGINE=InnoDB DEFAULT CHARSET=latin1 COLLATE=latin1_swedish_ci;

INSERT INTO jeoXillityCrm_tasks VALUES ('0N804LGA3G', 'Gisela Bradley', '8 Mar, 24', '', '5ITR4AGO58', '', 'Urgent', '1713789978', '2024-04-22 12:46:18', '2024-04-22 12:46:18', '', '<p>r r r r r r&nbsp;</p>');
INSERT INTO jeoXillityCrm_tasks VALUES ('1POBR8AATQ', 'ws', '17 Apr, 24', '', '', '', 'Medium', '1713890721', '2024-04-23 16:45:21', '2024-04-23 16:45:21', 'XKHDLQA4CN', 'd');
INSERT INTO jeoXillityCrm_tasks VALUES ('7ANEC8F1SV', 'Shayan Jani', '20 Mar, 24', '', '', '', 'Medium', '1711377250', '2024-03-25 14:34:10', '2024-03-25 14:34:10', 'admin', 'asdasd');
INSERT INTO jeoXillityCrm_tasks VALUES ('CAJSEPW1RP', 'Brooke Boylesadsad', '30 Mar, 24', '30 Mar, 24', '58JJONHPPV', '', 'Low', '1711849141', '2024-03-31 01:39:01', '2024-03-31 01:39:01', '', '<p>sadsa</p>');
INSERT INTO jeoXillityCrm_tasks VALUES ('H9155F86QU', 'Jonah Powell', '9 May, 24', '10 May, 24', '97NK4AF5EP,CO0P7ZI6GS,FZAV1TO5LD,IINQLYVXHN,SQPYHT89KA,XKHDLQA4CN', 'year', 'Low', '1714735086', '2024-05-03 11:18:06', '2024-05-03 11:18:06', '', '<p>f</p>');
INSERT INTO jeoXillityCrm_tasks VALUES ('HH454ERCHV', 'testing', '19 Apr, 24', '22 Apr, 24', '7MNYEI540B,admin,DSYFZX9QKD,SQPYHT89KA,XKHDLQA4CN', '3months', 'Low', '1713766234', '2024-04-22 06:10:34', '2024-04-22 06:10:34', '', '<p>testing……..</p>');
INSERT INTO jeoXillityCrm_tasks VALUES ('NSG6A44O01', 'Bilal', '4 May, 24', '6 May, 24', '7MNYEI540B,admin', 'month', 'Medium', '1714737585', '2024-05-03 11:59:45', '2024-05-03 11:59:45', '', '<p>TextArea</p>');
INSERT INTO jeoXillityCrm_tasks VALUES ('PPAWQ33XVV', 'Hafiz ', '19 Apr, 24', '22 Apr, 24', 'CO0P7ZI6GS,FZAV1TO5LD', '2months', 'Medium', '1713780201', '2024-04-22 10:03:21', '2024-04-22 10:03:21', '', '<p>testing testing testing</p>');
INSERT INTO jeoXillityCrm_tasks VALUES ('VZEVRO93GH', 'Warren Gilbert', '15 Mar, 24', '21 Mar, 24', 'S5R3GEAXBQ,SQPYHT89KA,XKHDLQA4CN', 'month', 'Medium', '1711503881', '2024-03-27 01:44:41', '2024-03-27 01:44:41', '', '');
INSERT INTO jeoXillityCrm_tasks VALUES ('XHCT69NWJU', 'sas', '28 Mar, 24', '', '', '', 'Medium', '1711522033', '2024-03-27 06:47:13', '2024-03-27 06:47:13', 'admin', 'n h hnj ');
INSERT INTO jeoXillityCrm_tasks VALUES ('XZH7FT0SLK', 'Lisandra Palmer', '', '', '5ITR4AGO58,admin,BB9SFGKULR,BWMN6LFRDZ,CO0P7ZI6GS,FZAV1TO5LD,N53OITYN8R,S5R3GEAXBQ,XKHDLQA4CN', '2week', 'Low', '1713785603', '2024-04-22 11:33:23', '2024-04-22 11:33:23', '', '<p>testing</p>');
INSERT INTO jeoXillityCrm_tasks VALUES ('YM5C9771NJ', 'testing task', '24 Apr, 24', '26 Apr, 24', 'admin,CO0P7ZI6GS,IINQLYVXHN,S5R3GEAXBQ', '2week', 'High', '1713790053', '2024-04-22 12:47:33', '2024-04-22 12:47:33', '', '<p>testing task</p>');
INSERT INTO jeoXillityCrm_tasks VALUES ('YNZ3N1QUEV', 'gggggggg', '31 Mar, 24', '31 Mar, 24', '5ITR4AGO58,7MNYEI540B', '2week', 'Medium', '1713789995', '2024-04-22 12:46:35', '2024-04-22 12:46:35', '', '<p>r r r r&nbsp;</p>');


CREATE TABLE `jeoXillityCrm_emails` (
  `id` varchar(200) NOT NULL,
  `subject` longtext DEFAULT NULL,
  `message` longtext DEFAULT NULL,
  `email` varchar(256) DEFAULT NULL,
  `date` varchar(256) DEFAULT NULL,
  `from_email` varchar(256) DEFAULT NULL,
  `server_id` varchar(256) DEFAULT '',
  `email_uid` varchar(256) DEFAULT '',
  `category` varchar(255) DEFAULT NULL,
  `userId` varchar(256) DEFAULT 'admin',
  `star` int(11) NOT NULL,
  PRIMARY KEY (`id`)
) ENGINE=InnoDB DEFAULT CHARSET=latin1 COLLATE=latin1_swedish_ci;

INSERT INTO jeoXillityCrm_emails VALUES ('23TYR7J426', 'u', '', 'test@anomoz.com', '1705572221', 'dev.email.sender2@anomoz.com', '', '', 'sent', 'admin', '0');
INSERT INTO jeoXillityCrm_emails VALUES ('5KXNIHLPQC', 'Info', 'xzzx', 'faizanrauf787878@gmail.com', '1705580294', 'dev.email.sender2@anomoz.com', '', '', 'sent', 'admin', '0');
INSERT INTO jeoXillityCrm_emails VALUES ('96CDZ4B3LL', 'test@anomoz.com', 'test@anomoz.com', 'test@anomoz.com', '1705573190', 'dev.email.sender2@anomoz.com', '', '', 'sent', 'admin', '0');
INSERT INTO jeoXillityCrm_emails VALUES ('CS6WZHBIA4', 'Email Testing', 'Testing this email', 'xillitytest@mailnator.com', '1711372627', 'dev.email.sender2@anomoz.com', '', '', 'sent', 'admin', '0');
INSERT INTO jeoXillityCrm_emails VALUES ('D0M1MNH2UW', '123', '123', 'khanzar996@gmail.com', '1705380129', 'dev.email.sender2@anomoz.com', '', '', 'sent', 'admin', '0');
INSERT INTO jeoXillityCrm_emails VALUES ('D6EHD6XQX6', '12', '212', 'faizanrauf787878@gmail.com', '1705573278', 'dev.email.sender2@anomoz.com', '', '', 'sent', 'admin', '0');
INSERT INTO jeoXillityCrm_emails VALUES ('H0X42CHRC3', 'usman', 'xzczxcxc\\zxzxzxzxzxsajdksa.dhjcxzm,xzcmxz', 'faizanrauf787878@gmail.com', '1705580252', 'dev.email.sender2@anomoz.com', '', '', 'sent', 'admin', '0');
INSERT INTO jeoXillityCrm_emails VALUES ('HH1612X13A', 'usman', 'dsdsjfsdfdsfdsf', 'faizanrauf787878@gmail.com', '1705580105', 'dev.email.sender2@anomoz.com', '', '', 'sent', 'admin', '0');
INSERT INTO jeoXillityCrm_emails VALUES ('IBHVTPK0OU', '', '', 'faizanrauf787878@gmail.com', '1705580037', 'dev.email.sender2@anomoz.com', '', '', 'sent', 'admin', '0');
INSERT INTO jeoXillityCrm_emails VALUES ('ITO70XMJLM', 'asasa', 'asddsdsd', 'sulemanaslam3849@gmail.com', '1713436255', 'dev.email.sender2@anomoz.com', '', '', 'sent', 'admin', '0');
INSERT INTO jeoXillityCrm_emails VALUES ('J3HYZSQMN8', 'zxzx', '', 'faizanrauf787878@gmail.com', '1705580022', 'dev.email.sender2@anomoz.com', '', '', 'sent', 'admin', '0');
INSERT INTO jeoXillityCrm_emails VALUES ('JE998XKNU2', 'usman', 'asasA', 'faizanrauf787878@gmail.com', '1705573322', 'dev.email.sender2@anomoz.com', '', '', 'sent', 'admin', '0');
INSERT INTO jeoXillityCrm_emails VALUES ('L637XCVQDG', 'usman', 'xzczxcxc\\zxzxzxzxzxsajdksa.dhjcxzm,xzcmxz', 'faizanrauf787878@gmail.com', '1705580171', 'dev.email.sender2@anomoz.com', '', '', 'sent', 'admin', '0');
INSERT INTO jeoXillityCrm_emails VALUES ('PO9IPRJGER', 'Hello email testing', '<div dir=3D\"ltr\">Lorem ipsum, or lipsum as it is sometimes known, is dummy =\r\ntext used in laying out print, graphic or web designs. The passage is attri=\r\nbuted to an unknown typesetter in the 15th century who is thought to have s=\r\ncrambled parts of Ciceros De Finibus Bonorum et Malorum for use in a type s=\r\npecimen book. It usually begins with a nice hello.=C2=A0</div>\r\n', 'test@anomoz.com', 'Sat, 30 Dec 2023 17:54:56 +0500', 'Syed Ahsan Ahmed <snahmed1998@gmail.com>', 'YYRBIWOK79', '29', '', 'admin', '0');
INSERT INTO jeoXillityCrm_emails VALUES ('SI0SIXTKBF', 'Info', 'xzzx', 'faizanrauf787878@gmail.com', '1705584774', 'dev.email.sender2@anomoz.com', '', '', 'sent', 'admin', '0');
INSERT INTO jeoXillityCrm_emails VALUES ('U4FRMMIW7H', 'Testing if receiving email', '<div dir=3D\"ltr\">This is another email to check if Lorem ipsum, or lipsum a=\r\ns it is sometimes known, is dummy text used in laying out print, graphic or=\r\n web designs. The passage is attributed to an unknown typesetter in the 15t=\r\nh century who is thought to have scrambled parts of Ciceros De Finibus Bono=\r\nrum et Malorum for use in a type specimen book. It usually begins with a ni=\r\nce hello.=C2=A0</div>\r\n', 'test@anomoz.com', 'Sat, 30 Dec 2023 17:55:28 +0500', 'Syed Ahsan Ahmed <snahmed1998@gmail.com>', 'YYRBIWOK79', '30', '', 'admin', '1');
INSERT INTO jeoXillityCrm_emails VALUES ('WS0UE06MQ3', 'test', 'testing mail', 'abdulrehman09825@gmail.com', '1713771398', 'dev.email.sender2@anomoz.com', '', '', 'sent', 'admin', '0');
INSERT INTO jeoXillityCrm_emails VALUES ('X52J1SLBAV', 'usman', 'dsdsad', 'test@anomoz.com', '1705572252', 'dev.email.sender2@anomoz.com', '', '', 'sent', 'admin', '0');
INSERT INTO jeoXillityCrm_emails VALUES ('XAAOLRU812', 'Info', 'zx', 'faizanrauf787878@gmail.com', '1707124462', 'dev.email.sender2@anomoz.com', '', '', 'sent', 'admin', '0');


CREATE TABLE `jeoXillityCrm_tickets` (
  `id` varchar(200) NOT NULL,
  `name` varchar(256) DEFAULT '',
  `file` varchar(256) DEFAULT NULL,
  `start_date` varchar(256) DEFAULT '',
  `end_date` varchar(256) DEFAULT '',
  `priority` varchar(256) DEFAULT '',
  `company_name` varchar(256) CHARACTER SET latin1 COLLATE latin1_swedish_ci NOT NULL,
  `department` varchar(256) CHARACTER SET latin1 COLLATE latin1_swedish_ci NOT NULL,
  `site_name` varchar(256) CHARACTER SET latin1 COLLATE latin1_swedish_ci NOT NULL,
  `email` varchar(256) CHARACTER SET latin1 COLLATE latin1_swedish_ci NOT NULL,
  `status` varchar(256) CHARACTER SET latin1 COLLATE latin1_swedish_ci NOT NULL,
  `phone_number` varchar(256) CHARACTER SET latin1 COLLATE latin1_swedish_ci NOT NULL,
  `primary_contact` varchar(256) CHARACTER SET latin1 COLLATE latin1_swedish_ci NOT NULL,
  `home_number` varchar(256) CHARACTER SET latin1 COLLATE latin1_swedish_ci NOT NULL,
  `repeat_every` varchar(256) DEFAULT '',
  `assign` varchar(256) DEFAULT '',
  `description` varchar(256) DEFAULT '',
  `timeAdded` varchar(256) DEFAULT NULL,
  `created_at` timestamp NULL DEFAULT current_timestamp(),
  `updated_at` timestamp NULL DEFAULT current_timestamp() ON UPDATE current_timestamp(),
  `userId` varchar(256) DEFAULT '',
  PRIMARY KEY (`id`)
) ENGINE=InnoDB DEFAULT CHARSET=utf8mb4 COLLATE=utf8mb4_unicode_ci;

INSERT INTO jeoXillityCrm_tickets VALUES ('3CRLQMOQ9N', 'testing', 'file_Z8AE1US5Z8concert-7424190_640.jpg', '14 May, 24', '20 May, 24', 'Medium', '', 'Taxi', '', '', '', '', '', '', '', 'Eli', '<p>Testing Description 123 & A TO Z</p>', '2024-05-14 10:54:25', '2024-05-14 05:54:25', '2024-05-15 10:39:48', '');
INSERT INTO jeoXillityCrm_tickets VALUES ('5TLBEUSY99', 'watut@mailinator.com', 'file_OO44IPT3L8n.png', '23 May, 24', '13 Jun, 24', 'High', '', 'Taxi', '', '', 'Complete', '', '', '', '', 'Justin Anthony', '<p>Modal City Faisalabad</p>', '2024-05-13 18:07:57', '2024-05-13 13:07:57', '2024-05-14 11:15:22', '');
INSERT INTO jeoXillityCrm_tickets VALUES ('78OK8CIIMP', 'Hameed', 'file_VIY7CAIJGDaa.png', '9 May, 24', '21 May, 24', '', '', 'Subway', '', '', '', '', '', '', '', 'Justin Anthony', '<p>MID City</p>', '2024-05-13 18:07:35', '2024-05-13 13:07:35', '2024-05-15 02:19:17', '');
INSERT INTO jeoXillityCrm_tickets VALUES ('SGOJ4TKF8S', 'Bilal Ali', 'file_0CXW495GC6p.png', '1 May, 24', '14 May, 24', 'Low', '', 'Taxi', '', '', 'In_progress', '', '', '', '', 'Admin', '<p>D-Ground People Colony Faisalabad </p>', '2024-05-13 17:52:48', '2024-05-13 12:52:48', '2024-05-13 13:04:01', '');
INSERT INTO jeoXillityCrm_tickets VALUES ('WP9GTQCL24', 'Test1234', '', '', '', '', 'Test company ', '', '', '', 'In_progress', '00474827282', '', '', '', 'Eli', '', '2024-05-15 19:12:29', '2024-05-15 14:12:29', '2024-05-15 14:12:29', '');


CREATE TABLE `jeoXillityCrm_messages` (
  `id` varchar(200) NOT NULL,
  `fromUser` varchar(256) DEFAULT '',
  `toUser` varchar(256) DEFAULT '',
  `message` varchar(256) DEFAULT '',
  `attachment` varchar(256) DEFAULT '',
  `status` varchar(256) DEFAULT '',
  `timeAdded` varchar(256) DEFAULT NULL,
  `created_at` timestamp NOT NULL DEFAULT current_timestamp(),
  `updated_at` timestamp NOT NULL DEFAULT current_timestamp() ON UPDATE current_timestamp(),
  `userId` varchar(256) DEFAULT '',
  PRIMARY KEY (`id`)
) ENGINE=InnoDB DEFAULT CHARSET=latin1 COLLATE=latin1_swedish_ci;

INSERT INTO jeoXillityCrm_messages VALUES ('1R1IMM4DS2', 'admin', 'BB9SFGKULR', '.', '', 'new', '1707464582', '2024-02-09 07:43:02', '2024-02-09 07:43:02', 'admin');
INSERT INTO jeoXillityCrm_messages VALUES ('4POGFEFI38', 'admin', '58JJONHPPV', '', 'file_I9UHB4I66HShahi_Masjid_Lahore.jpg', 'new', '1713770805', '2024-04-22 07:26:45', '2024-04-22 07:26:45', 'admin');
INSERT INTO jeoXillityCrm_messages VALUES ('EEQCJ1MLZH', 'admin', '58JJONHPPV', 'testing', '', 'new', '1713766659', '2024-04-22 06:17:39', '2024-04-22 06:17:39', 'admin');
INSERT INTO jeoXillityCrm_messages VALUES ('KJZ9E1M081', 'admin', '58JJONHPPV', 'hello', '', 'new', '1713766393', '2024-04-22 06:13:13', '2024-04-22 06:13:13', 'admin');
INSERT INTO jeoXillityCrm_messages VALUES ('LZOIAPODPG', 'admin', '58JJONHPPV', '', 'file_Y8FUKRLSI1Shahi_Masjid_Lahore.jpg', 'new', '1713770772', '2024-04-22 07:26:12', '2024-04-22 07:26:12', 'admin');
INSERT INTO jeoXillityCrm_messages VALUES ('M9C5FSMZ2N', 'admin', '58JJONHPPV', '', 'file_X502670J3Winvoice.pdf', 'new', '1713770860', '2024-04-22 07:27:40', '2024-04-22 07:27:40', 'admin');
INSERT INTO jeoXillityCrm_messages VALUES ('MV3S1C43LN', 'admin', 'FBMGAJQWGG', 'testing', '', 'new', '1713780026', '2024-04-22 10:00:26', '2024-04-22 10:00:26', 'admin');
INSERT INTO jeoXillityCrm_messages VALUES ('RBCJDE8V3G', 'XKHDLQA4CN', '7MNYEI540B', '1', '', 'new', '1713015161', '2024-04-13 13:32:41', '2024-04-13 13:32:41', 'XKHDLQA4CN');
INSERT INTO jeoXillityCrm_messages VALUES ('SLD6NJEKAF', 'XKHDLQA4CN', 'S5R3GEAXBQ', '1', '', 'new', '1713015201', '2024-04-13 13:33:21', '2024-04-13 13:33:21', 'XKHDLQA4CN');
INSERT INTO jeoXillityCrm_messages VALUES ('TPNCLZUNRE', 'admin', '58JJONHPPV', '..', '', 'new', '1707464339', '2024-02-09 07:38:59', '2024-02-09 07:38:59', 'admin');
INSERT INTO jeoXillityCrm_messages VALUES ('ZU7SN5O7PS', 'admin', 'FBMGAJQWGG', 'hello', '', 'new', '1713780020', '2024-04-22 10:00:20', '2024-04-22 10:00:20', 'admin');


CREATE TABLE `jeoXillityCrm_notice_board` (
  `id` varchar(200) NOT NULL,
  `notice` varchar(256) DEFAULT '',
  `customer_id` varchar(256) DEFAULT '',
  `timeAdded` varchar(256) DEFAULT NULL,
  `userId` varchar(256) DEFAULT '',
  `message` text NOT NULL,
  PRIMARY KEY (`id`)
) ENGINE=InnoDB DEFAULT CHARSET=latin1 COLLATE=latin1_swedish_ci;

INSERT INTO jeoXillityCrm_notice_board VALUES ('2AHQ3KCV0A', 'test', 'DSYFZX9QKD', '1706309948', 'admin', '');
INSERT INTO jeoXillityCrm_notice_board VALUES ('I18G8GC85T', 'newn', '3YTGXA1KPV', '1707117767', 'admin', 'zxxczx');
INSERT INTO jeoXillityCrm_notice_board VALUES ('ODDQEAARJD', 'Ur', '58JJONHPPV', '1707174696', '7WUU7OT3D8', 'Uhhdjdj');
INSERT INTO jeoXillityCrm_notice_board VALUES ('W130Y7S90C', '1', '3YTGXA1KPV', '1709430131', 'XKHDLQA4CN', '1');


CREATE TABLE `jeoXillityCrm_email_servers` (
  `id` varchar(255) NOT NULL,
  `email` varchar(255) NOT NULL,
  `password` varchar(255) NOT NULL,
  `port_no` varchar(255) NOT NULL,
  `ip_address` varchar(255) NOT NULL,
  `userId` varchar(256) DEFAULT '',
  PRIMARY KEY (`id`)
) ENGINE=InnoDB DEFAULT CHARSET=latin1 COLLATE=latin1_swedish_ci;

INSERT INTO jeoXillityCrm_email_servers VALUES ('YYRBIWOK79', 'test@anomoz.com', 'testtestr213123213', '993', 'smtp', 'admin');


CREATE TABLE `jeoXillityCrm_schedule` (
  `id` varchar(200) NOT NULL,
  `title` varchar(256) DEFAULT '',
  `category` varchar(256) DEFAULT '',
  `timeAdded` varchar(256) DEFAULT NULL,
  `created_at` timestamp NOT NULL DEFAULT current_timestamp(),
  `updated_at` timestamp NOT NULL DEFAULT current_timestamp() ON UPDATE current_timestamp(),
  `userId` varchar(256) DEFAULT '',
  `start_date` varchar(256) NOT NULL,
  `end_date` varchar(256) NOT NULL,
  PRIMARY KEY (`id`)
) ENGINE=InnoDB DEFAULT CHARSET=latin1 COLLATE=latin1_swedish_ci;

INSERT INTO jeoXillityCrm_schedule VALUES ('ARVT2JAYQI', '123', 'bg-success', '1705326306', '2024-01-15 13:45:06', '2024-01-15 13:45:06', 'admin', '2024-01-16', '');


CREATE TABLE `jeoXillityCrm_orders` (
  `id` varchar(255) NOT NULL,
  `order_id` varchar(255) NOT NULL,
  `customer` varchar(255) NOT NULL,
  `status` varchar(255) NOT NULL,
  `product` varchar(255) NOT NULL,
  `price` varchar(255) NOT NULL,
  `payment_method` varchar(255) NOT NULL,
  `delievery_status` varchar(255) NOT NULL,
  `timeAdded` varchar(255) NOT NULL,
  PRIMARY KEY (`id`)
) ENGINE=InnoDB DEFAULT CHARSET=latin1 COLLATE=latin1_swedish_ci;

INSERT INTO jeoXillityCrm_orders VALUES ('47X7D6Z4PW', '', 'IINQLYVXHN', 'pending', 'AL2ZN2316F', '300', 'paypal', 'pending', '1711441202');
INSERT INTO jeoXillityCrm_orders VALUES ('DYPNO87167', '', 'N53OITYN8R', 'pending', 'C8ELVKN7BP', '888', 'cod', 'cancel', '1711517494');
INSERT INTO jeoXillityCrm_orders VALUES ('EWEZ0WR1OX', '', 'FZAV1TO5LD', 'completed', 'C8ELVKN7BP', '1252.00', 'cod', 'delivered', '1711478308');
INSERT INTO jeoXillityCrm_orders VALUES ('G5HM7BWDWQ', '', 'FZAV1TO5LD', 'hold', '', '605', 'cod', 'cancel', '1706444735');
INSERT INTO jeoXillityCrm_orders VALUES ('GBXBA5C1A4', '', 'IINQLYVXHN', 'hold', 'C8ELVKN7BP', '300', 'paypal', 'delivered', '1711441201');
INSERT INTO jeoXillityCrm_orders VALUES ('P8X4XXW1JQ', '', 'BB9SFGKULR', 'hold', 'SK3R79KIZJ', '801', 'cod', 'return', '1711442410');
INSERT INTO jeoXillityCrm_orders VALUES ('RFSVSK1948', '', 'S5R3GEAXBQ', 'pending', 'SK3R79KIZJ', '132', 'cod', 'pending', '1711441259');
INSERT INTO jeoXillityCrm_orders VALUES ('TS24HCKXWR', '', 'N53OITYN8R', 'hold', '', '605', 'cod', 'cancel', '1707693776');
INSERT INTO jeoXillityCrm_orders VALUES ('UAQHQ69X2T', '', 'FZAV1TO5LD', 'completed', '8U295905PT', '1.00', 'paypal', 'delivered', '1708180634');
INSERT INTO jeoXillityCrm_orders VALUES ('V9RY27F9A5', '', 'OG0D0FU765', 'hold', 'AL2ZN2316F', '605', 'cod', 'pending', '1713891674');


CREATE TABLE `jeoXillityCrm_parent_company` (
  `id` varchar(200) NOT NULL,
  `site_name` varchar(256) DEFAULT '',
  `phone_number` varchar(256) DEFAULT '',
  `address` varchar(256) DEFAULT '',
  `email` varchar(256) DEFAULT '',
  `contact_name` varchar(256) DEFAULT '',
  `account_status` varchar(256) DEFAULT '',
  `internal_notes` varchar(256) DEFAULT '',
  `file` varchar(256) DEFAULT '',
  `historic_tickets` varchar(256) DEFAULT '',
  `security_pin` varchar(256) DEFAULT '',
  `timeAdded` varchar(256) DEFAULT NULL,
  `created_at` timestamp NULL DEFAULT current_timestamp(),
  `updated_at` timestamp NULL DEFAULT current_timestamp() ON UPDATE current_timestamp(),
  `userId` varchar(256) DEFAULT '',
  PRIMARY KEY (`id`)
) ENGINE=InnoDB DEFAULT CHARSET=utf8mb4 COLLATE=utf8mb4_unicode_ci;

INSERT INTO jeoXillityCrm_parent_company VALUES ('5I57YFITXU', 'Demetrius Gentry', 'Anthony Nunez', '<p>Karachi</p>', 'dujetixy@mailinator.com', 'Eli', 'Complete', 'Malachi Franco', 'file_WJ9I7XFV6Padmin.png', '11 May, 24', '177', '1715339419', '2024-05-10 11:10:19', '2024-05-10 11:12:19', 'admin');
INSERT INTO jeoXillityCrm_parent_company VALUES ('ASQTBT5JCL', 'Ferris testing', 'Shay Giles', '<p>Karachi</p>', 'sodenune@gmail.com', 'Eli', 'In_progress', 'Garrison Keith', 'file_OYWK80HNF7W.jpg', '10 May, 24', '938', '1715341164', '2024-05-10 11:39:24', '2024-05-10 12:43:57', 'admin');


CREATE TABLE `jeoXillityCrm_files` (
  `id` varchar(255) NOT NULL,
  `file` varchar(256) NOT NULL DEFAULT '',
  `file_size` varchar(256) NOT NULL DEFAULT '',
  `alternative_text` varchar(256) NOT NULL DEFAULT '',
  `title` varchar(256) NOT NULL DEFAULT '',
  `caption` varchar(256) NOT NULL DEFAULT '',
  `description` varchar(256) NOT NULL DEFAULT '',
  `url` varchar(256) NOT NULL DEFAULT '',
  `folder` varchar(256) NOT NULL DEFAULT '',
  `timeAdded` varchar(255) NOT NULL,
  `userId` varchar(255) NOT NULL
) ENGINE=InnoDB DEFAULT CHARSET=latin1 COLLATE=latin1_swedish_ci;

INSERT INTO jeoXillityCrm_files VALUES ('C9O0SBMCMM', './uploads/colset.jpg', '9394', 'xyz', 'Image', 'new image', 'JPG File', 'https://www.google.com', '/', '1708108144', 'admin');
INSERT INTO jeoXillityCrm_files VALUES ('T7AWRD332O', './uploads/bed.jpg', '5583', 'xyz', '', '', '', '', '/', '1708108144', 'admin');
INSERT INTO jeoXillityCrm_files VALUES ('ZPF0A1UA4E', './uploads/Document.pdf', '81269', '', '', '', '', '', '/', '1708143082', 'admin');
INSERT INTO jeoXillityCrm_files VALUES ('8SA4LF9ACB', './uploads/mobile.jpg', '6575', '', '', '', '', '', '0DNGQWY5SF', '1708144395', 'admin');
INSERT INTO jeoXillityCrm_files VALUES ('F9YJ2N8MHU', './uploads/Video_231206194602.mp4', '7017817', '', '', '', '', '', '28IL8SNBPQ', '1708151390', 'admin');
INSERT INTO jeoXillityCrm_files VALUES ('B4A530CPML', './uploads/Invoice.html', '13414', '', '', '', '', '', '/', '1708385211', '7WUU7OT3D8');
INSERT INTO jeoXillityCrm_files VALUES ('MKNP53ISGD', './uploads/biz-app-en.5ad249f.webp', '61564', '', '', '', '', '', '/', '1708584290', 'admin');
INSERT INTO jeoXillityCrm_files VALUES ('HEGQ1GWSYC', './uploads/Xillity-Regular-png.png', '134670', '', '', '', '', '', '/', '1708643511', '7WUU7OT3D8');
INSERT INTO jeoXillityCrm_files VALUES ('UUCVHSB3GI', './uploads/test.txt', '4', '', '', '', '', '', '/', '1709429158', 'XKHDLQA4CN');
INSERT INTO jeoXillityCrm_files VALUES ('3ADYARDIB6', './uploads/WhatsApp Image 2024-03-11 at 11.26.59 AM.jpeg', '19480', '', '', '', '', '', '/', '1710398911', 'admin');
INSERT INTO jeoXillityCrm_files VALUES ('MSMZ3ER0LS', './uploads/Shahi_Masjid_Lahore.jpg', '12926', '', '', '', '', '', '/', '1713778729', 'admin');
INSERT INTO jeoXillityCrm_files VALUES ('HWCO05Q50B', './uploads/test.txt', '4', '', '', '', '', '', '/', '1713890155', 'CO0P7ZI6GS');
INSERT INTO jeoXillityCrm_files VALUES ('SJO2RN1YYL', './uploads/Shahi_Masjid_Lahore.jpg', '12926', '', '', '', '', '', '/', '1714027911', 'admin');


CREATE TABLE `jeoXillityCrm_password_resets` (
  `id` int(32) NOT NULL,
  `userId` varchar(256) NOT NULL,
  `passwordResetId` varchar(256) NOT NULL,
  `resetlinktimestamp` varchar(256) NOT NULL,
  `email` varchar(256) DEFAULT NULL
) ENGINE=InnoDB DEFAULT CHARSET=latin1 COLLATE=latin1_swedish_ci;

INSERT INTO jeoXillityCrm_password_resets VALUES ('0', '1', '4QLTL640IO44DAOAE942', '1714049443', 'abdulrahmancode5@gmail.com');
INSERT INTO jeoXillityCrm_password_resets VALUES ('0', '1', 'Y1Q92G6CZ8CS01VGTI71', '0', 'jeovelitotorres@gmail.com');
INSERT INTO jeoXillityCrm_password_resets VALUES ('0', '1', 'WJFWVKTJGNWJ1FOR9ESP', '1714313010', 'Jeovelitotorres@gmail.com');
INSERT INTO jeoXillityCrm_password_resets VALUES ('0', '1', '2AEJTCU68BLAHBFSEB5G', '1714923703', 'Jeovelitotorres@outlook.com');


CREATE TABLE `jeoXillityCrm_comments` (
  `id` varchar(200) NOT NULL,
  `Ticket_id` varchar(256) CHARACTER SET latin1 COLLATE latin1_swedish_ci NOT NULL,
  `comments_name` varchar(256) DEFAULT '',
  `timeAdded` varchar(256) DEFAULT NULL,
  `created_at` timestamp NULL DEFAULT current_timestamp(),
  `updated_at` timestamp NULL DEFAULT current_timestamp() ON UPDATE current_timestamp(),
  `userId` varchar(256) DEFAULT '',
  PRIMARY KEY (`id`)
) ENGINE=InnoDB DEFAULT CHARSET=utf8mb4 COLLATE=utf8mb4_unicode_ci;

INSERT INTO jeoXillityCrm_comments VALUES ('62SUHRHDMT', 'WP9GTQCL24', 'Test', '2024-05-15 19:13:45', '2024-05-15 14:13:45', '2024-05-15 14:13:45', 'XKHDLQA4CN');
INSERT INTO jeoXillityCrm_comments VALUES ('68AYTZSCK9', '3CRLQMOQ9N', 'Have a good day', '2024-05-14 15:45:37', '2024-05-14 10:45:37', '2024-05-14 10:45:37', 'admin');
INSERT INTO jeoXillityCrm_comments VALUES ('84W9D6Z90H', '78OK8CIIMP', 'ABCDEFGHIJKLMNOPQRSTUVWXYZ', '2024-05-14 16:45:01', '2024-05-14 11:45:01', '2024-05-14 11:45:01', 'admin');
INSERT INTO jeoXillityCrm_comments VALUES ('BKE2BG7EIV', '3CRLQMOQ9N', 'Hallo', '1715680942', '2024-05-14 10:02:22', '2024-05-14 10:29:11', 'admin');
INSERT INTO jeoXillityCrm_comments VALUES ('CMSZPD2PFZ', '3CRLQMOQ9N', 'testing', '2024-05-14 15:55:06', '2024-05-14 10:55:06', '2024-05-14 10:55:06', 'admin');
INSERT INTO jeoXillityCrm_comments VALUES ('IIERYNEHK9', '3CRLQMOQ9N', 'Test', '2024-05-15 16:55:13', '2024-05-15 11:55:13', '2024-05-15 11:55:13', 'XKHDLQA4CN');
INSERT INTO jeoXillityCrm_comments VALUES ('NTLEIO5UVK', '5TLBEUSY99', '', '2024-05-15 12:18:33', '2024-05-15 07:18:33', '2024-05-15 07:18:33', 'admin');
INSERT INTO jeoXillityCrm_comments VALUES ('RE7JB0S8U4', '5TLBEUSY99', 'Add Comments', '2024-05-14 15:58:35', '2024-05-14 10:58:35', '2024-05-14 10:58:35', 'admin');
INSERT INTO jeoXillityCrm_comments VALUES ('SIJ82BRD4K', '5TLBEUSY99', 'alsdjfljalfjlasjfljasl;fkjaklsjdkgldugtikfjflkjkfjja kjk kjflkdjflkjdsflkj klkjkf jkj ', '2024-05-14 16:00:53', '2024-05-14 11:00:53', '2024-05-14 11:00:53', 'admin');


CREATE TABLE `jeoXillityCrm_attendance` (
  `id` varchar(200) NOT NULL,
  `employees_id` varchar(256) DEFAULT '',
  `timeAdded` varchar(256) DEFAULT NULL,
  `userId` varchar(256) DEFAULT NULL,
  `attendance` varchar(255) NOT NULL,
  PRIMARY KEY (`id`)
) ENGINE=InnoDB DEFAULT CHARSET=latin1 COLLATE=latin1_swedish_ci;

INSERT INTO jeoXillityCrm_attendance VALUES ('0TRQJB9LZN', '', '1713890027', 'CO0P7ZI6GS', 'p');
INSERT INTO jeoXillityCrm_attendance VALUES ('17OPWOC75K', '', '1710484445', 'admin', 'p');
INSERT INTO jeoXillityCrm_attendance VALUES ('4GCZC8XSK9', '', '1710567198', 'admin', 'p');
INSERT INTO jeoXillityCrm_attendance VALUES ('7X3CMIBPGK', '', '1713236165', 'XKHDLQA4CN', 'p');
INSERT INTO jeoXillityCrm_attendance VALUES ('97UQNMJKLR', '', '1711438099', 'admin', 'p');
INSERT INTO jeoXillityCrm_attendance VALUES ('BV1YPXCRVK', '', '1714170272', 'CO0P7ZI6GS', 'p');
INSERT INTO jeoXillityCrm_attendance VALUES ('COBRG2DX6S', '', '1707089128', '7WUU7OT3D8', 'p');
INSERT INTO jeoXillityCrm_attendance VALUES ('FX9IMQACXI', '', '1712357519', 'XKHDLQA4CN', 'p');
INSERT INTO jeoXillityCrm_attendance VALUES ('GCJMJ91NRG', '', '1711539608', 'XKHDLQA4CN', 'p');
INSERT INTO jeoXillityCrm_attendance VALUES ('I1UUKJ1JWZ', '', '1705191152', 'admin', 'p');
INSERT INTO jeoXillityCrm_attendance VALUES ('INLHCBJSS7', '', '1712954642', 'XKHDLQA4CN', 'p');
INSERT INTO jeoXillityCrm_attendance VALUES ('KI174D80HN', '', '1713636984', 'XKHDLQA4CN', 'p');
INSERT INTO jeoXillityCrm_attendance VALUES ('Q58JA6ZHOS', '', '1706187215', 'admin', 'p');
INSERT INTO jeoXillityCrm_attendance VALUES ('SAX4OQJD3Z', '', '1712673358', 'XKHDLQA4CN', 'p');
INSERT INTO jeoXillityCrm_attendance VALUES ('SOSTJ8WJIM', '', '1705147387', 'Z2E2RYRGUV', 'p');
INSERT INTO jeoXillityCrm_attendance VALUES ('UK1N2KW3R3', '', '1707089124', '7WUU7OT3D8', 'p');
INSERT INTO jeoXillityCrm_attendance VALUES ('UQ1XBYKI19', '', '1708076394', 'admin', 'p');
INSERT INTO jeoXillityCrm_attendance VALUES ('WVZS355PSS', '', '1711503937', 'admin', 'p');
INSERT INTO jeoXillityCrm_attendance VALUES ('XE8QYJ06JI', '', '1705776059', 'admin', 'p');
INSERT INTO jeoXillityCrm_attendance VALUES ('XYBFHFTQ53', '', '1709638374', 'admin', 'p');
INSERT INTO jeoXillityCrm_attendance VALUES ('ZMY4W4CTU6', '', '1707586315', '7WUU7OT3D8', 'p');
INSERT INTO jeoXillityCrm_attendance VALUES ('ZYZNFHHEPZ', '', '1713845104', 'admin', 'p');


CREATE TABLE `jeoXillityCrm_calendar_reminders` (
  `id` varchar(200) NOT NULL,
  `title` varchar(256) DEFAULT NULL,
  `apptDate` varchar(256) DEFAULT NULL,
  `description` varchar(256) DEFAULT NULL,
  `timeAdded` varchar(256) DEFAULT NULL,
  `apptTime` varchar(256) DEFAULT '',
  `userId` varchar(256) DEFAULT '',
  `customer_id` varchar(256) DEFAULT '',
  `endTime` varchar(256) DEFAULT '',
  `color` varchar(256) DEFAULT '#ffffff',
  PRIMARY KEY (`id`)
) ENGINE=InnoDB DEFAULT CHARSET=latin1 COLLATE=latin1_swedish_ci;

INSERT INTO jeoXillityCrm_calendar_reminders VALUES ('3GPDS96BQZ', 'sad', '', '', '1713889702', '2024-04-19 15:24:00', 'CO0P7ZI6GS', '', '2024-04-19 21:24:00', 'bg-primary');
INSERT INTO jeoXillityCrm_calendar_reminders VALUES ('3KULRK3HGP', 'test', '', '', '1708513686', '2024-03-15 16:07:00', 'admin', '', '2024-02-05 16:07:00', 'bg-danger');
INSERT INTO jeoXillityCrm_calendar_reminders VALUES ('3V5ETGEBER', 'abdul rehman', '', '', '1713784800', '2024-04-23 16:19:00', 'admin', '', '2024-04-24 16:19:00', 'bg-success');
INSERT INTO jeoXillityCrm_calendar_reminders VALUES ('3Y087I532Y', 'event testing event testing ', '', '', '1713784729', '2024-04-24 16:18:00', 'admin', '', '2024-04-26 16:18:00', 'bg-primary');
INSERT INTO jeoXillityCrm_calendar_reminders VALUES ('50O4V672QU', 'fdhbdf', '2024-01-16', '', '1705458895', '12:36', 'admin', '', '23:36', 'bg-primary');
INSERT INTO jeoXillityCrm_calendar_reminders VALUES ('5RD53TWXYY', 'testing', '', '', '1705470892', '2024-03-16 10:54:00', 'admin', '', '2024-01-18 01:58:00', 'bg-danger');
INSERT INTO jeoXillityCrm_calendar_reminders VALUES ('6LB7EVMZ0U', 'asd', '', '', '1705478454', '2024-01-17 12:31:00', 'admin', '', '2024-01-18 12:31:00', 'bg-primary');
INSERT INTO jeoXillityCrm_calendar_reminders VALUES ('7QXZ4ZZCL7', 'sasa', '', '', '1713943908', '2024-04-30 12:31:00', 'admin', '', '2024-05-01 13:31:00', 'bg-success');
INSERT INTO jeoXillityCrm_calendar_reminders VALUES ('848SEFGC0M', 'test2', '', '', '1713942692', '2024-04-16 11:15:00', 'admin', '', '2024-04-16 12:15:00', 'bg-danger');
INSERT INTO jeoXillityCrm_calendar_reminders VALUES ('8BHXJ72KV6', 'hafiz event', '', '', '1713785215', '2024-04-22 17:26:00', 'admin', '', '2024-04-22 23:40:00', 'bg-danger');
INSERT INTO jeoXillityCrm_calendar_reminders VALUES ('9HBBUMWXVB', 'event testing event testing ', '', '', '1713784996', '2024-04-24 16:18:00', 'admin', '', '2024-04-24 16:18:00', 'bg-primary');
INSERT INTO jeoXillityCrm_calendar_reminders VALUES ('9IIDSMIL8T', 'officia d', '', '', '1713510692', '2024-04-21 03:39:00', 'admin', '', '2024-04-21 05:04:00', 'bg-info');
INSERT INTO jeoXillityCrm_calendar_reminders VALUES ('DP34JX4OBT', 'starta', '', '', '1713942852', '2024-04-27 12:14:00', 'admin', '', '2024-04-29 12:14:00', 'bg-danger');
INSERT INTO jeoXillityCrm_calendar_reminders VALUES ('DXAH0ENIK1', 'test2', '', '', '1713942672', '2024-04-16 11:15:00', 'admin', '', '2024-04-16 12:15:00', 'bg-danger');
INSERT INTO jeoXillityCrm_calendar_reminders VALUES ('EAHB0L5PVK', '123', '2024-01-18', '', '1705388571', '12:04', 'admin', '', '12:05', 'bg-danger');
INSERT INTO jeoXillityCrm_calendar_reminders VALUES ('EMTW8KK5FB', 'testtttt', '', '', '1713784677', '2024-04-16 23:00:00', 'admin', '', '2024-04-18 20:03:00', 'bg-success');
INSERT INTO jeoXillityCrm_calendar_reminders VALUES ('FXI6ZPVI8L', 'test1', '', '', '1713441372', '2024-04-16 16:55:00', 'admin', '', '2024-04-16 17:55:00', 'bg-danger');
INSERT INTO jeoXillityCrm_calendar_reminders VALUES ('GJ8QLSSFG3', 'test', '', '', '1713889393', '2024-04-23 11:22:00', 'CO0P7ZI6GS', '', '2024-04-23 14:22:00', 'bg-primary');
INSERT INTO jeoXillityCrm_calendar_reminders VALUES ('GXBL0JYX37', 'Avengars Cinema Event', '', '', '1711463843', '2024-03-27 19:00:00', 'admin', '', '2024-03-27 19:00:00', 'bg-success');
INSERT INTO jeoXillityCrm_calendar_reminders VALUES ('HSVCGYK3IX', 'test', '', '', '1713889381', '2024-04-23 11:22:00', 'CO0P7ZI6GS', '', '2024-04-23 14:22:00', 'bg-primary');
INSERT INTO jeoXillityCrm_calendar_reminders VALUES ('IRMUWBYPW9', 'test future', '', '', '1711463788', '2024-03-27 19:00:00', 'admin', '', '2024-03-27 19:00:00', 'bg-danger');
INSERT INTO jeoXillityCrm_calendar_reminders VALUES ('J9Y9H6A1DF', 'testtttt', '', '', '1713358250', '2024-04-16 19:00:00', 'admin', '', '2024-04-16 19:00:00', 'bg-success');
INSERT INTO jeoXillityCrm_calendar_reminders VALUES ('JIRSC6ZZ8T', 'starta', '', '', '1713942870', '2024-04-27 12:14:00', 'admin', '', '2024-04-29 13:14:00', 'bg-success');
INSERT INTO jeoXillityCrm_calendar_reminders VALUES ('L6WFOIN6BN', 'new event', '', '', '1714127045', '2024-05-02 15:23:00', 'SDRKLP0A8L', '', '2024-05-02 17:23:00', 'bg-primary');
INSERT INTO jeoXillityCrm_calendar_reminders VALUES ('LKQYE2KLM1', 'Test Event', '', '', '1713450368', '2024-04-28 19:25:00', 'admin', '', '2024-04-28 20:26:00', 'bg-primary');
INSERT INTO jeoXillityCrm_calendar_reminders VALUES ('MA6FRMWO2L', 'hafiz event', '', '', '1713785137', '2024-04-22 17:26:00', 'admin', '', '2024-04-25 13:37:00', 'bg-danger');
INSERT INTO jeoXillityCrm_calendar_reminders VALUES ('MIWFD6PTPN', 'sasa', '', '', '1713943933', '2024-04-30 12:31:00', 'admin', '', '2024-05-01 14:31:00', 'bg-primary');
INSERT INTO jeoXillityCrm_calendar_reminders VALUES ('PLCGBOSUK0', 'test2', '', '', '1713507376', '2024-04-16 11:15:00', 'admin', '', '2024-04-16 12:15:00', 'bg-primary');
INSERT INTO jeoXillityCrm_calendar_reminders VALUES ('QCXP549JZ7', 'hafiz event', '', '', '1713888674', '2024-04-22 17:26:00', 'CO0P7ZI6GS', '', '2024-04-25 13:37:00', 'bg-danger');
INSERT INTO jeoXillityCrm_calendar_reminders VALUES ('TDITYO703Z', 'sad', '', '', '1713996294', '2024-04-19 15:24:00', 'XKHDLQA4CN', '', '2024-04-19 20:24:00', 'bg-primary');
INSERT INTO jeoXillityCrm_calendar_reminders VALUES ('YI3EPE2SP8', 'test', '', '', '1713889397', '2024-04-23 11:22:00', 'CO0P7ZI6GS', '', '2024-04-23 14:22:00', 'bg-primary');
INSERT INTO jeoXillityCrm_calendar_reminders VALUES ('YQJIUXKW5E', 'mr', '', '', '1708980145', '2024-02-10 01:44:00', 'XKHDLQA4CN', '', '2024-02-09 01:45:00', 'bg-danger');


CREATE TABLE `jeoXillityCrm` (
  `id` varchar(255) NOT NULL,
  `order_id` varchar(255) NOT NULL,
  `customer` varchar(255) NOT NULL,
  `status` varchar(255) NOT NULL,
  `product` varchar(255) NOT NULL,
  `price` varchar(255) NOT NULL,
  `payment_method` varchar(255) NOT NULL,
  `delievert_status` varchar(255) NOT NULL,
  `order_date` varchar(255) NOT NULL,
  PRIMARY KEY (`id`)
) ENGINE=InnoDB DEFAULT CHARSET=latin1 COLLATE=latin1_swedish_ci;



CREATE TABLE `jeoXillityCrm_users` (
  `id` varchar(200) NOT NULL,
  `name` varchar(256) DEFAULT '',
  `email` varchar(256) DEFAULT '',
  `password` varchar(256) DEFAULT '',
  `role` varchar(256) DEFAULT '',
  `status` varchar(256) DEFAULT NULL,
  `phone` varchar(256) DEFAULT '',
  `username` varchar(256) DEFAULT '',
  `city` varchar(256) DEFAULT '',
  `state` varchar(256) DEFAULT '',
  `country` varchar(256) DEFAULT '',
  `zip` varchar(256) DEFAULT '',
  `address` varchar(256) DEFAULT '',
  `location` varchar(256) DEFAULT '',
  `description` varchar(256) DEFAULT '',
  `profile_pic` varchar(256) DEFAULT '',
  `loginAuth` varchar(256) DEFAULT '',
  `date` varchar(256) DEFAULT '',
  `work_shift_status` varchar(256) DEFAULT '',
  `refund` varchar(256) DEFAULT '',
  `businessName` varchar(256) DEFAULT '',
  `mobilePhone` varchar(256) DEFAULT '',
  `homePhone` varchar(256) DEFAULT '',
  `website` varchar(256) DEFAULT '',
  `company` varchar(256) DEFAULT '',
  `usernumber` varchar(256) DEFAULT '',
  `shift` varchar(256) DEFAULT '',
  `alternative_phone` varchar(256) DEFAULT '',
  `department` varchar(256) DEFAULT '',
  `section` varchar(256) DEFAULT '',
  `sub_section` varchar(256) DEFAULT '',
  `designation` varchar(256) DEFAULT '',
  `employee_type` varchar(256) DEFAULT '',
  `duty_type` varchar(256) DEFAULT '',
  `joining_date` varchar(256) DEFAULT '',
  `leave_expire_date` varchar(256) DEFAULT '',
  `grade` varchar(256) DEFAULT '',
  `starting_gross_salary` varchar(256) DEFAULT '',
  `salary_system` varchar(256) DEFAULT '',
  `mobile_banking_provider_name` varchar(256) DEFAULT '',
  `mobile_banking_account_number` varchar(256) DEFAULT '',
  `bank_name` varchar(256) DEFAULT '',
  `bank_branch_name` varchar(256) DEFAULT '',
  `bank_account_name` varchar(256) DEFAULT '',
  `bank_account_number` varchar(256) DEFAULT '',
  `division` varchar(256) DEFAULT '',
  `district` varchar(256) DEFAULT '',
  `subdistrict` varchar(256) DEFAULT '',
  `post_office` varchar(256) DEFAULT '',
  `village_house_road` varchar(256) DEFAULT '',
  `present_division` varchar(256) DEFAULT '',
  `present_district` varchar(256) DEFAULT '',
  `present_subdistrict` varchar(256) DEFAULT '',
  `present_post_office` varchar(256) DEFAULT '',
  `present_village_house_road` varchar(256) DEFAULT '',
  `father_husband_name` varchar(256) DEFAULT '',
  `mother_name` varchar(256) DEFAULT '',
  `dob` varchar(256) DEFAULT '',
  `nid_no_birth_certificate` varchar(256) DEFAULT '',
  `gender` varchar(256) DEFAULT '',
  `marital_status` varchar(256) DEFAULT '',
  `blood_group` varchar(256) DEFAULT '',
  `religion` varchar(256) DEFAULT '',
  `contact_person_name` varchar(256) DEFAULT '',
  `contact_person_phone` varchar(256) DEFAULT '',
  `relation` varchar(256) DEFAULT '',
  `login_access` varchar(256) DEFAULT '',
  `login_status` varchar(256) DEFAULT '',
  `timeAdded` varchar(256) DEFAULT NULL,
  `created_at` timestamp NOT NULL DEFAULT current_timestamp(),
  `updated_at` timestamp NOT NULL DEFAULT current_timestamp() ON UPDATE current_timestamp(),
  `userId` varchar(256) DEFAULT '',
  `credit_limit` varchar(256) DEFAULT '',
  `opening_balance` varchar(256) DEFAULT '',
  `debit` varchar(256) DEFAULT '',
  `credit` varchar(256) DEFAULT '',
  `closing_balance` varchar(256) DEFAULT '',
  `facebook_link` varchar(256) DEFAULT '',
  `twitter_link` varchar(256) DEFAULT '',
  `linkedIn_link` varchar(256) DEFAULT '',
  `insta_link` varchar(256) DEFAULT '',
  `youtube_link` varchar(256) DEFAULT '',
  `pinterest_link` varchar(256) DEFAULT '',
  `relationship` varchar(255) NOT NULL,
  `security_pin` varchar(255) NOT NULL,
  PRIMARY KEY (`id`),
  UNIQUE KEY `email` (`email`)
) ENGINE=InnoDB DEFAULT CHARSET=latin1 COLLATE=latin1_swedish_ci;

INSERT INTO jeoXillityCrm_users VALUES ('7OPIYL6L0A', 'Kibo Mcgee', 'qirypeke@mailinator.com', '', 'customer', 'Inactive', '+1 (981) 541-4879', '', 'Voluptas eu mollitia', '', 'Ab a laboriosam lab', '', '', '', 'Aliquam quaerat inci', '', '', '', '', '', '', '', '', '', '', '', '', '', '', '', '', '', '', '', '', '', '', '', '', '', '', '', '', '', '', '', '', '', 'At qui amet nostrum', '', '', '', '', '', '', '', '', '', '', '', '', '', '', '', '', '', '', '', '1714038306', '2024-04-25 09:45:06', '2024-04-25 09:45:06', 'WH5785519N', '', '', '', '', '', '', '', '', '', '', '', 'Manager', '');
INSERT INTO jeoXillityCrm_users VALUES ('admin', 'Admin', 'admin@portal.com', '3cce45bf21f047a954e1861c653a14ba', '0', 'Active', '+1 (186) 157-8757', 'admin', 'Seattle', 'Washington', 'USA', '123', 'Distinctio Voluptat', 'zyx', 'Veniam eligendi aut', '', 'Yes', '2023-01-01', '', 'xyz', 'zyx', '+1233311', '+134576865432', 'https://www.mowufumuhofi.ws', 'xyz', '1', '', '', '', '', '', '', '', '', '', '', '', '', '', '', '', '', '', '', '', '', '', '', '', '', '', '', '', '', '', '', '', '', '', '', '', '', '', '', '', '', '', 'Active', '1704804878', '2024-01-09 12:58:59', '2024-05-10 09:52:22', 'admin', '', '', '', '', '', 'https://www.wid.ws', 'https://www.labumuty.org.uk', 'https://www.ceteqakahutawi.net', 'https://www.wikowivetanusus.org', 'https://www.nike.com', 'https://www.honijaf.cc', '', '');
INSERT INTO jeoXillityCrm_users VALUES ('BB9SFGKULR', 'Justin Anthony', 'qyvixocete@mailinator.com', '3cce45bf21f047a954e1861c653a14ba', 'customer', 'Inactive', '1230', '', 't', '', 't', '', 'KArachi Pk', '', '\r\n                            t', '', '', '', '', '', '', '', '', 'https://www.google.com', '', '', '', '', '', '', '', '', '', '', '', '', '', '', '', '', '', '', '', '', '', '', '', '', 't', '', '', '', '', '', '', '', '', '', '', '', '', '', '', '', '', '', '', 'Active', '1705155253', '2024-01-13 14:14:13', '2024-04-23 16:56:02', 'admin', '', '', '', '', '', 'https://www.facebook.com', 'https://www.twitter.com', 'https://www.indeed.com', 'https://www.instagram.com', 'https://www.youtube.com', 'https://www.pintrest.com', 'Owner', '');
INSERT INTO jeoXillityCrm_users VALUES ('CO0P7ZI6GS', 'Eli', 'Eli@portal.com', '94a939d0147e579213a8016a72456846', 'employee', '', '', '', '', '', '', '', '', '', '', '', '', '', '', '', '', '', '', '', '', '', '', '', '', '', '', '', '', '', '', '', '', '', '', '', '', '', '', '', '', '', '', '', '', '', '', '', '', '', '', '', '', '', '', '', '', '', '', '', '', '', 'Yes', '', '1706503067', '2024-01-29 04:37:47', '2024-04-29 23:29:02', '7WUU7OT3D8', '', '', '', '', '', '', '', '', '', '', '', '', '');
INSERT INTO jeoXillityCrm_users VALUES ('FZAV1TO5LD', 'Yuri Tanner', 'piqibo@mailinator.com', 'fee7e03bb7d77842221417760d35357a', 'customer', '', '+1 (844) 808-4974', '', '', '', '', '', 'Veniam ea aliquid q', '', 'Cumque ad temporibus', '', '', '', '', '', '', '', '', '', '', '', '', '', '', '', '', '', '', '', '', '', '', '', '', '', '', '', '', '', '', '', '', '', '', '', '', '', '', '', '', '', '', '', '', '', '', '', '', '', '', '', '', 'Active', '1705118996', '2024-01-13 04:09:56', '2024-01-13 04:58:32', 'admin', '', '', '', '', '', '', '', '', '', '', '', '', '');
INSERT INTO jeoXillityCrm_users VALUES ('HECR41K1RG', 'Tobias Juarez', 'radylyhyhu@mailinator.com', 'bf5d638a969a0b9257327e718010f799', 'employee', '', '+1 (743) 186-2296', '', '', '', 'Pakistan', '', '', '', '', '', '', '', '', '', '', '', '', '', '', '', 'Shift 3', '+1 (784) 463-6096', 'Pakistan', 'Section 3', 'Subsection 3', 'Designation 3', 'Employee Type 3', 'Duty Type 2', '', '', 'Grade 2', '13', 'Salary System 3', '', '', '', '', '', '', 'Division 3', 'District 1', 'Subdistrict 1', 'Post Office 1', '', 'Division 1', 'District 1', 'Subdistrict 1', 'Post Office 3', 'Vel animi sint esse', '', '', '', '', '', '', '', '', 'Amaya Riggs', '+1 (534) 263-2839', 'Qui atque dolore in ', 'Yes', '', '1715314362', '2024-05-10 04:12:42', '2024-05-10 04:12:42', 'admin', '', '', '', '', '', '', '', '', '', '', '', '', '');
INSERT INTO jeoXillityCrm_users VALUES ('HGFOFDH4RU', 'Uma Townsend', 'myle@mailinator.com', '', 'customer', 'Active', '+1 (936) 338-2941', '', 'Consequatur Commodi', '', 'Alias quibusdam comm', '', '', '', 'Earum nemo voluptati', '', '', '', '', '', '', '', '', '', '', '', '', '', '', '', '', '', '', '', '', '', '', '', '', '', '', '', '', '', '', '', '', '', 'Perferendis nobis pe', '', '', '', '', '', '', '', '', '', '', '', '', '', '', '', '', '', '', '', '1714038334', '2024-04-25 09:45:34', '2024-04-25 09:45:34', 'WH5785519N', '', '', '', '', '', '', '', '', '', '', '', 'Owner', '');
INSERT INTO jeoXillityCrm_users VALUES ('IINQLYVXHN', 'Beatrice Gibbs', 'kemisihadu@mailinator.com', 'bf5d638a969a0b9257327e718010f799', 'customer', 'Inactive', '+1 (614) 561-9158', '', '', '', '', '', 'Aut qui facere nesci', '', 'Vel excepturi sunt i', '', '', '', '', '', '', '', '', '', '', '', '', '', '', '', '', '', '', '', '', '', '', '', '', '', '', '', '', '', '', '', '', '', '', '', '', '', '', '', '', '', '', '', '', '', '', '', '', '', '', '', '', '', '1705149090', '2024-01-13 12:31:30', '2024-01-13 12:31:30', 'admin', '', '', '', '', '', '', '', '', '', '', '', '', '');
INSERT INTO jeoXillityCrm_users VALUES ('LBPX0WY9GK', 'testing', '123@gmail.com', 'd8601997f768a62f8b445608da8e85a1', 'employee', 'disable', '+1 (882) 425-3242', '', '', '', 'USA', '', '', '', 'testing', 'file_OQ54WKJ8R5Shahi_Masjid_Lahore.jpg', '', '', '', '', '', '', '', '', 'company786', '', 'Shift 2', '+1 (674) 379-6365', 'USA', 'Section 3', 'Subsection 3', 'Designation 1', 'Employee Type 3', 'Duty Type 1', '10 May, 24', '23 May, 24', 'Grade 2', '92', 'Salary System 2', '', '', '', '', '', '', 'Division 2', 'District 2', 'Subdistrict 1', 'Post Office 1', '', 'Division 2', 'District 2', 'Subdistrict 1', 'Post Office 1', 'Veniam aute totam a', '', '', '', '', '', '', '', '', 'Sydney Lowe', '+1 (596) 909-4643', 'Qui libero in conseq', 'Yes', '', '1715334477', '2024-05-10 09:47:57', '2024-05-10 09:49:18', 'admin', '', '', '', '', '', '', '', '', '', '', '', '', '');
INSERT INTO jeoXillityCrm_users VALUES ('MPNQG88PHM', 'Waleed Ali', 'waleed5151294@gmail.com', '3cce45bf21f047a954e1861c653a14ba', 'user', '', '222', '', '', '', '', '', '', '', '', '', 'Yes', '', '', '', '', '', '', '', '', '', '', '', '', '', '', '', '', '', '', '', '', '', '', '', '', '', '', '', '', '', '', '', '', '', '', '', '', '', '', '', '', '', '', '', '', '', '', '', '', '', '', '', '1704804878', '2024-01-09 12:54:38', '2024-01-11 04:30:01', '', '', '', '', '', '', '', '', '', '', '', '', '', '');
INSERT INTO jeoXillityCrm_users VALUES ('N53OITYN8R', 'Quamar Kelley', 'luby@mailinator.com', '3cce45bf21f047a954e1861c653a14ba', 'customer', 'Active', '+1 (991) 938-9709', '', '', '', '', '', 'Dolor repudiandae qu', '', 'Voluptatem eum modi', '', '', '', '', '', '', '', '', '', '', '', '', '', '', '', '', '', '', '', '', '', '', '', '', '', '', '', '', '', '', '', '', '', '', '', '', '', '', '', '', '', '', '', '', '', '', '', '', '', '', '', '', '', '1705119173', '2024-01-13 04:12:53', '2024-01-13 04:12:53', 'admin', '', '', '', '', '', '', '', '', '', '', '', '', '');
INSERT INTO jeoXillityCrm_users VALUES ('OG0D0FU765', 'testing123', 'qahasosimu@mailinator.com', '', 'customer', 'Inactive', '+1 (542) 101-6467', '', 'Amet impedit quia ', '', 'Rerum assumenda ipsa', '', '', '', 'Enim quidem voluptat', '', '', '', '', '', '', '', '', '', '', '', '', '', '', '', '', '', '', '', '', '', '', '', '', '', '', '', '', '', '', '', '', '', 'Laborum ea earum rer', '', '', '', '', '', '', '', '', '', '', '', '', '', '', '', '', '', '', '', '1714127265', '2024-04-26 10:27:45', '2024-04-26 10:28:31', 'SDRKLP0A8L', '', '', '', '', '', '', '', '', '', '', '', 'Owner', '');
INSERT INTO jeoXillityCrm_users VALUES ('SOOCDHE5X2', 'Deacon Holmes', 'jiciv@mailinator.com', '3cce45bf21f047a954e1861c653a14ba', 'user', '', '82', 'qibakeve', '', '', '', '', '', '', '', '', '', '', '', '', '', '', '', '', '', '', '', '', '', '', '', '', '', '', '', '', '', '', '', '', '', '', '', '', '', '', '', '', '', '', '', '', '', '', '', '', '', '', '', '', '', '', '', '', '', '', '', 'Active', '1715408168', '2024-05-11 06:16:08', '2024-05-11 06:16:08', '', '', '', '', '', '', '', '', '', '', '', '', '', '');
INSERT INTO jeoXillityCrm_users VALUES ('SQPYHT89KA', 'Brian Maldonado', 'duxalevimy@mailinator.com', '', '', '', '+1 (435) 176-8316', '', '', '', '', '', '', '', '', '', '', '', '', '', '', '', '', '', '', '', '', '', '', '', '', '', '', '', '', '', '', '', '', '', '', '', '', '', '', '', '', '', '', '', '', '', '', '', '', '', '', '', '', '', '', '', '', '', '', '', '', '', '1704979071', '2024-01-11 13:17:51', '2024-01-11 13:17:51', 'admin', '50000', '25000', 'Incomplete', 'Complete', 'Incomplete', '', '', '', '', '', '', '', '');
INSERT INTO jeoXillityCrm_users VALUES ('XKHDLQA4CN', 'Jeo', 'jeo@portal.com', '94a939d0147e579213a8016a72456846', 'employee', '', '0000000000ff', '', '', '', 'USA', '', '', '', '', 'file_TGNQ3L6I78Xillity Background Picture.png', '', '', '', '', '', '', '', '', '', '', 'Shift 1', '0rr', 'USA', 'Section 1', 'Subsection 2', 'Designation 2', 'Employee Type 1', '', '30 Apr, 24', '25 Apr, 24', 'Grade 1', '1', 'Salary System 1', '', '', '', '', '', '', 'Division 2', 'District 2', 'Subdistrict 2', 'Post Office 2', '', '', '', '', '', '', '', '', '', '', '', '', '', '', '', '', '', 'Yes', 'Active', '1706469182', '2024-01-28 19:13:02', '2024-05-09 22:00:23', '7WUU7OT3D8', '', '', '', '', '', '', '', '', '', '', '', '', '');


CREATE TABLE `jeoXillityCrm_invoices_products` (
  `id` varchar(255) NOT NULL,
  `invoice_id` varchar(255) NOT NULL,
  `product_id` varchar(255) NOT NULL,
  `items` varchar(255) NOT NULL,
  `category` varchar(256) DEFAULT '',
  `cost` varchar(256) DEFAULT '',
  `quantity` varchar(256) DEFAULT '',
  `subtotal` varchar(256) DEFAULT '',
  `order_id` varchar(255) NOT NULL
) ENGINE=InnoDB DEFAULT CHARSET=latin1 COLLATE=latin1_swedish_ci;

INSERT INTO jeoXillityCrm_invoices_products VALUES ('K2HKZS2BFO', '', '8U295905PT', '', 'product', '5', '3', '15', 'G5HM7BWDWQ');
INSERT INTO jeoXillityCrm_invoices_products VALUES ('8LW9NVNLJR', '', 'YA59KDKMB7', '', 'product', '7', '5', '35', 'G5HM7BWDWQ');
INSERT INTO jeoXillityCrm_invoices_products VALUES ('NBT4OF739N', '', 'EFPOC19MQ4', '', 'product', '9', '7', '63', 'G5HM7BWDWQ');
INSERT INTO jeoXillityCrm_invoices_products VALUES ('MQWV7PAKAV', 'EV14MAO913', 'EFPOC19MQ4', '', 'product', '7', '51', '357', '');
INSERT INTO jeoXillityCrm_invoices_products VALUES ('MDRPC4ERMO', 'EV14MAO913', 'U7WFVJG2Z3', '', 'product', '9', '111', '999', '');
INSERT INTO jeoXillityCrm_invoices_products VALUES ('M8Y7GP9VPC', 'EV14MAO913', 'SK3R79KIZJ', '', 'product', '5', '103', '515', '');
INSERT INTO jeoXillityCrm_invoices_products VALUES ('45R9XDEF9X', 'GMR7FM3JS0', 'C8ELVKN7BP', '', 'product', '5', '3', '15', '');
INSERT INTO jeoXillityCrm_invoices_products VALUES ('7L4P3TD9DW', 'RSSQEB771J', 'EFPOC19MQ4', '', 'product', '5', '3', '15', '');
INSERT INTO jeoXillityCrm_invoices_products VALUES ('29Z9WGNMLS', 'RSSQEB771J', 'YA59KDKMB7', '', 'product', '7', '5', '35', '');
INSERT INTO jeoXillityCrm_invoices_products VALUES ('GRM7P544Q9', 'RSSQEB771J', 'EFPOC19MQ4', '', 'product', '9', '7', '63', '');
INSERT INTO jeoXillityCrm_invoices_products VALUES ('KAHBHX9V1A', 'K91K7DLBPM', 'C8ELVKN7BP', '', 'product', '1', '100', '100', '');
INSERT INTO jeoXillityCrm_invoices_products VALUES ('8TDXC89QOL', 'BQQ69M5JT1', 'SK3R79KIZJ', '', 'product', '12', '12', '144', '');
INSERT INTO jeoXillityCrm_invoices_products VALUES ('0FXNX04FNC', 'XJ7F6W8RHJ', 'SK3R79KIZJ', '', 'product', '12', '12', '144', '');
INSERT INTO jeoXillityCrm_invoices_products VALUES ('CJ0Q2X4HNF', '3UNSTAE4S4', 'C8ELVKN7BP', '', 'product', '122', '02', '244', '');
INSERT INTO jeoXillityCrm_invoices_products VALUES ('SCRT5O7UCY', 'YOIDGO0HIS', 'C8ELVKN7BP', '', 'product', '5000', '200', '1000000', '');
INSERT INTO jeoXillityCrm_invoices_products VALUES ('6QCI2L4VMX', 'AYVVWG9OS4', 'C8ELVKN7BP', '', 'product', '3123', '23', '71829', '3IJI2RRRCV');
INSERT INTO jeoXillityCrm_invoices_products VALUES ('0ZH1HMUCBR', '8YN8RHXASK', 'C8ELVKN7BP', '', 'product', '12', '213', '2556', 'EWEZ0WR1OX');
INSERT INTO jeoXillityCrm_invoices_products VALUES ('5FGUNX9D6L', '1BOF4T5H4Y', 'SK3R79KIZJ', '', 'product', '12', '23', '276', 'EWEZ0WR1OX');
INSERT INTO jeoXillityCrm_invoices_products VALUES ('OQQ89GL0HE', '1BOF4T5H4Y', 'C8ELVKN7BP', '', 'product', '12', '12', '144', 'EWEZ0WR1OX');
INSERT INTO jeoXillityCrm_invoices_products VALUES ('UXBB4HYGGQ', '1BOF4T5H4Y', 'C8ELVKN7BP', '', 'product', '12', '12', '144', 'EWEZ0WR1OX');
INSERT INTO jeoXillityCrm_invoices_products VALUES ('MA6713A87C', '1BOF4T5H4Y', 'SK3R79KIZJ', '', 'product', '12', '112', '1344', 'EWEZ0WR1OX');
INSERT INTO jeoXillityCrm_invoices_products VALUES ('0Z6ZSU08YL', '1BOF4T5H4Y', 'C8ELVKN7BP', '', 'product', '1213', '1', '1213', 'EWEZ0WR1OX');
INSERT INTO jeoXillityCrm_invoices_products VALUES ('AWLJHOUHYY', '1BOF4T5H4Y', 'SK3R79KIZJ', '', 'product', '121', '2', '242', 'EWEZ0WR1OX');
INSERT INTO jeoXillityCrm_invoices_products VALUES ('TKES0H8DZT', 'CQLFYCKE57', 'C8ELVKN7BP', '', 'product', '12', '2', '24', '');
INSERT INTO jeoXillityCrm_invoices_products VALUES ('M0ISYXR56E', 'ZNF0X654EG', 'C8ELVKN7BP', '', 'product', '76', '2', '152', 'DYPNO87167');
INSERT INTO jeoXillityCrm_invoices_products VALUES ('DM80LRAW60', 'ZNF0X654EG', 'SK3R79KIZJ', '', 'product', '43', '3', '129', 'DYPNO87167');
INSERT INTO jeoXillityCrm_invoices_products VALUES ('3MLZCDQWSC', 'RSSQEB771J', 'C8ELVKN7BP', '', 'product', '2000', '1', '2000', '47X7D6Z4PW');
INSERT INTO jeoXillityCrm_invoices_products VALUES ('KDLNNHL9ZX', 'RSSQEB771J', 'SK3R79KIZJ', '', 'product', '12', '122', '1464', '47X7D6Z4PW');
INSERT INTO jeoXillityCrm_invoices_products VALUES ('6UH4CW7MJ1', '91TJBZ0ZZ9', 'C8ELVKN7BP', '', 'product', '', '', '', '');
INSERT INTO jeoXillityCrm_invoices_products VALUES ('MFGYEQLSA0', '91TJBZ0ZZ9', 'SK3R79KIZJ', '', 'product', '', '', '', '');
INSERT INTO jeoXillityCrm_invoices_products VALUES ('8NXOS14BXR', 'JMKV032VA8', 'C8ELVKN7BP', '', 'product', '2.00', '1', '2', '');
INSERT INTO jeoXillityCrm_invoices_products VALUES ('C5K6Z7BX8M', 'GNK3T46829', 'C8ELVKN7BP', '', 'product', '2.0', '1', '2', '');
INSERT INTO jeoXillityCrm_invoices_products VALUES ('IASH6T553I', 'GNK3T46829', 'SK3R79KIZJ', '', 'product', '2.0', '1', '2', '');
INSERT INTO jeoXillityCrm_invoices_products VALUES ('A4DO2EOJLC', 'RSSQEB771J', 'C8ELVKN7BP', '', 'product', '', '', '', '47X7D6Z4PW');
INSERT INTO jeoXillityCrm_invoices_products VALUES ('2NXJZLP2RK', '0UMCBE8T00', 'C8ELVKN7BP', '', 'product', '55', '639', '35145', '');
INSERT INTO jeoXillityCrm_invoices_products VALUES ('1DIM9SBELH', 'O1ML01F6OQ', 'SK3R79KIZJ', '', 'product', '1', '625', '625', '');
INSERT INTO jeoXillityCrm_invoices_products VALUES ('AK169LO1T8', 'YGJTGLO6NU', 'SK3R79KIZJ', '', 'product', '200', '1', '200', 'V9RY27F9A5');


CREATE TABLE `jeoXillityCrm_view_order_products` (
  `id` varchar(255) NOT NULL,
  `order_id` varchar(255) NOT NULL,
  `product_id` varchar(255) NOT NULL,
  `items` varchar(255) NOT NULL,
  `category` varchar(256) DEFAULT '',
  `cost` varchar(256) DEFAULT '',
  `quantity` varchar(256) DEFAULT '',
  `subtotal` varchar(256) DEFAULT ''
) ENGINE=InnoDB DEFAULT CHARSET=latin1 COLLATE=latin1_swedish_ci;



CREATE TABLE `jeoXillityCrm_folders` (
  `id` varchar(255) NOT NULL,
  `title` varchar(255) NOT NULL,
  `userId` varchar(255) NOT NULL,
  `parent_id` varchar(255) NOT NULL,
  `parent_folder` varchar(255) NOT NULL,
  `timeAdded` varchar(255) NOT NULL
) ENGINE=InnoDB DEFAULT CHARSET=latin1 COLLATE=latin1_swedish_ci;

INSERT INTO jeoXillityCrm_folders VALUES ('0DNGQWY5SF', 'jeoXillityCrm', 'admin', '', '/', '2024-01-28 23:39:30');
INSERT INTO jeoXillityCrm_folders VALUES ('6XN857HA6U', 'smsCampaigner', 'admin', '', '/jeoXillityCrm', '2024-01-28 23:39:36');
INSERT INTO jeoXillityCrm_folders VALUES ('28IL8SNBPQ', 'jeoXillityCrm Child Folder', 'admin', '', '0DNGQWY5SF', '2024-02-17 05:51:48');
INSERT INTO jeoXillityCrm_folders VALUES ('RQESFKO612', 'Test', '7WUU7OT3D8', '', '2RK8ALCRL2', '2024-02-19 12:07:15');
INSERT INTO jeoXillityCrm_folders VALUES ('E4BPL7DI60', 'abctest', 'admin', '', '/', '2024-04-25 06:52:02');
INSERT INTO jeoXillityCrm_folders VALUES ('59PGN2I26D', 'hafiz', 'admin', '', '/', '2024-04-25 06:52:44');
INSERT INTO jeoXillityCrm_folders VALUES ('8VXASBVPV8', 'xyz test', 'admin', '', '/', '2024-04-25 06:52:54');
INSERT INTO jeoXillityCrm_folders VALUES ('1FL7G7EVUA', 'xillity test', 'admin', '', '/', '2024-04-25 06:53:07');


CREATE TABLE `jeoXillityCrm_invoices` (
  `id` varchar(255) NOT NULL,
  `user_id` varchar(255) NOT NULL,
  `client_id` varchar(255) NOT NULL,
  `custom_description` varchar(255) NOT NULL,
  `total` int(255) NOT NULL,
  `attachment` varchar(255) NOT NULL,
  `timeAdded` int(255) NOT NULL,
  `title` varchar(256) DEFAULT '',
  `status` varchar(256) DEFAULT 'unpaid',
  `order_id` varchar(255) NOT NULL
) ENGINE=InnoDB DEFAULT CHARSET=latin1 COLLATE=latin1_swedish_ci;

INSERT INTO jeoXillityCrm_invoices VALUES ('OVZSEJVO97', 'admin', 'BB9SFGKULR', '', '0', '', '1706265568', 'ghg', 'unpaid', '');
INSERT INTO jeoXillityCrm_invoices VALUES ('P5MUJBGCUI', 'admin', 'BB9SFGKULR', 'Bxjxn', '0', '', '1706280105', 'Test', 'unpaid', '');
INSERT INTO jeoXillityCrm_invoices VALUES ('6D45REMJ74', 'admin', '2I6F6KNYL2', 'fsfdf', '0', '', '1706295824', 'fgd', 'unpaid', '');
INSERT INTO jeoXillityCrm_invoices VALUES ('K7T14SL4GP', 'admin', 'FZAV1TO5LD', 'sdsgf', '0', '', '1706296120', 'dfggfg', 'unpaid', 'MWXMB7Z5SG');
INSERT INTO jeoXillityCrm_invoices VALUES ('16KD7ZI4K5', '7WUU7OT3D8', 'BB9SFGKULR', '', '0', '', '1707025625', '10', 'unpaid', '');
INSERT INTO jeoXillityCrm_invoices VALUES ('A4YUAM4D6V', '7WUU7OT3D8', 'BB9SFGKULR', 'oiuilh', '0', '', '1708180947', 'u', 'unpaid', '');
INSERT INTO jeoXillityCrm_invoices VALUES ('3SP8LIV2MF', '7WUU7OT3D8', 'BB9SFGKULR', 'fdgfd', '0', '', '1708643869', 'dfg', 'unpaid', '');
INSERT INTO jeoXillityCrm_invoices VALUES ('EV14MAO913', 'admin', 'IINQLYVXHN', 'check again ', '113', '', '1708672188', 'Invoice #G5HM7BWDWQ', 'unpaid', 'G5HM7BWDWQ');
INSERT INTO jeoXillityCrm_invoices VALUES ('GMR7FM3JS0', '7WUU7OT3D8', 'FZAV1TO5LD', 'this is a test', '15', '', '1708819129', 'Test Order', 'unpaid', '');
INSERT INTO jeoXillityCrm_invoices VALUES ('RSSQEB771J', 'XKHDLQA4CN', 'IINQLYVXHN', '', '113', '', '1710796422', 'Test', 'unpaid', '47X7D6Z4PW');
INSERT INTO jeoXillityCrm_invoices VALUES ('INFG0GY9TH', 'XKHDLQA4CN', 'FZAV1TO5LD', 'Test', '0', '', '1711459517', 'Test', 'unpaid', '');
INSERT INTO jeoXillityCrm_invoices VALUES ('1BOF4T5H4Y', 'admin', 'S5R3GEAXBQ', '', '500', '', '1711480191', '', 'unpaid', 'EWEZ0WR1OX');
INSERT INTO jeoXillityCrm_invoices VALUES ('CQLFYCKE57', 'admin', 'S5R3GEAXBQ', '', '24', '', '1711482784', 'asdsadsad', 'unpaid', '');
INSERT INTO jeoXillityCrm_invoices VALUES ('ZNF0X654EG', 'admin', 'N53OITYN8R', '', '500', '', '1711517542', '', 'unpaid', 'DYPNO87167');
INSERT INTO jeoXillityCrm_invoices VALUES ('91TJBZ0ZZ9', 'XKHDLQA4CN', 'FZAV1TO5LD', '', '0', '', '1711579174', 'tes', 'unpaid', '');
INSERT INTO jeoXillityCrm_invoices VALUES ('JMKV032VA8', 'XKHDLQA4CN', 'BB9SFGKULR', '', '2', '', '1711580893', 'test', 'unpaid', '');
INSERT INTO jeoXillityCrm_invoices VALUES ('GNK3T46829', 'admin', 'BB9SFGKULR', 'asdasdsad', '4', '', '1711733886', 'test123', 'unpaid', '');
INSERT INTO jeoXillityCrm_invoices VALUES ('0UMCBE8T00', 'admin', 'Acton Foley', 'Hic et molestias sae', '35145', '', '1713763476', 'Reprehenderit nisi s', 'unpaid', '');
INSERT INTO jeoXillityCrm_invoices VALUES ('O1ML01F6OQ', 'admin', 'S5R3GEAXBQ', 'Occaecat aliquam aut', '625', '', '1713763550', 'testing', 'unpaid', '');
INSERT INTO jeoXillityCrm_invoices VALUES ('YGJTGLO6NU', 'admin', 'OG0D0FU765', '', '500', '', '1714367475', '', 'unpaid', 'V9RY27F9A5');


CREATE TABLE `jeoXillityCrm_category` (
  `id` varchar(200) NOT NULL,
  `category_name` varchar(256) DEFAULT '',
  `main_category` varchar(256) DEFAULT '',
  `category_icon` varchar(256) DEFAULT '',
  `description` varchar(256) DEFAULT '',
  `display_type` varchar(256) DEFAULT '',
  `category_thumbnail` varchar(256) DEFAULT '',
  `timeAdded` varchar(256) DEFAULT NULL,
  `created_at` timestamp NOT NULL DEFAULT current_timestamp(),
  `updated_at` timestamp NOT NULL DEFAULT current_timestamp() ON UPDATE current_timestamp(),
  `userId` varchar(256) DEFAULT '',
  PRIMARY KEY (`id`)
) ENGINE=InnoDB DEFAULT CHARSET=latin1 COLLATE=latin1_swedish_ci;

INSERT INTO jeoXillityCrm_category VALUES ('8Q5CN6KHL4', 'mobile', 'jewellery', 'Nam explicabo Quia ', 'Ut autem voluptatem ', 'Both', '', '1713766345', '2024-04-22 06:12:25', '2024-04-22 06:12:25', 'admin');
INSERT INTO jeoXillityCrm_category VALUES ('AFDGY9YVSH', 'phone', 'Smart Phone', ' fa-phone', 'this is the phone but phone is iphone and iphone is very expensive  ', 'Products', 'img', '1705129980', '2024-01-13 07:13:00', '2024-01-16 04:56:36', 'admin');
INSERT INTO jeoXillityCrm_category VALUES ('FOKXMMTP8E', 'Lillith Singletons', 'Bag', 'fa-facebook', 'Velit eos dolorem mzxzxzxzxz', 'Both', '', '1705376905', '2024-01-16 03:48:25', '2024-01-17 10:51:04', 'admin');
INSERT INTO jeoXillityCrm_category VALUES ('PINSGVQNIP', 'fhfgh', 'fashion', 'fhg', '', 'Products', '', '1706223644', '2024-01-25 23:00:44', '2024-01-25 23:00:44', 'admin');
INSERT INTO jeoXillityCrm_category VALUES ('TGIDJ9G463', 'Test', 'jewellery', '', '', 'Products', '', '1708474373', '2024-02-21 00:12:53', '2024-02-21 00:12:53', '7WUU7OT3D8');
INSERT INTO jeoXillityCrm_category VALUES ('UBWYT75SN3', 'test', 'watch', 'fa-address-book\r\n', 'this is the fashioin sjpw', '', '213213', '1705128666', '2024-01-13 06:51:06', '2024-01-13 07:13:46', 'admin');


CREATE TABLE `jeoXillityCrm_products` (
  `id` varchar(200) NOT NULL,
  `title` varchar(256) DEFAULT NULL,
  `description` varchar(256) NOT NULL,
  `thumbnail` varchar(256) DEFAULT NULL,
  `gallery` varchar(256) DEFAULT NULL,
  `sku` varchar(256) DEFAULT NULL,
  `stock_status` varchar(256) DEFAULT NULL,
  `product_code` varchar(256) DEFAULT NULL,
  `lowStockWarning` varchar(256) DEFAULT NULL,
  `showStockQuantity` varchar(256) DEFAULT NULL,
  `showStockWithText` varchar(256) DEFAULT NULL,
  `hideStock` varchar(256) DEFAULT NULL,
  `regularPrice` varchar(256) DEFAULT NULL,
  `status` varchar(256) DEFAULT NULL,
  `PriceDateStart` varchar(256) DEFAULT NULL,
  `PriceDateEnd` varchar(256) DEFAULT NULL,
  `weight` varchar(256) DEFAULT NULL,
  `dimension` varchar(256) DEFAULT NULL,
  `width` varchar(256) DEFAULT NULL,
  `height` varchar(256) DEFAULT NULL,
  `shipping` varchar(256) DEFAULT NULL,
  `video_link` varchar(256) DEFAULT NULL,
  `estimateShippingTime` varchar(256) DEFAULT NULL,
  `freeShipping` varchar(256) DEFAULT NULL,
  `flatrate` varchar(256) DEFAULT NULL,
  `quantitymulitiply` varchar(256) DEFAULT NULL,
  `cashOnDelivery` varchar(256) DEFAULT NULL,
  `timeAdded` varchar(256) DEFAULT NULL,
  `created_at` timestamp NOT NULL DEFAULT current_timestamp(),
  `updated_at` timestamp NOT NULL DEFAULT current_timestamp() ON UPDATE current_timestamp(),
  `userId` varchar(256) DEFAULT '',
  `price_status` varchar(256) DEFAULT '',
  `visibility` varchar(256) DEFAULT '',
  `publish_on` varchar(256) DEFAULT '',
  `soldIndividually` varchar(256) DEFAULT '',
  `video_provider` varchar(256) DEFAULT '',
  `flashDeal` varchar(256) DEFAULT '',
  `todaysDeal` varchar(256) DEFAULT '',
  `featured` varchar(256) DEFAULT '',
  `manageStock` varchar(256) DEFAULT '',
  `focusKeyphrase` varchar(256) DEFAULT '',
  `metaTitle` varchar(256) DEFAULT '',
  `slugText` varchar(256) DEFAULT '',
  `metaDescription` varchar(256) DEFAULT '',
  `discount` varchar(256) DEFAULT NULL,
  `category` varchar(256) DEFAULT NULL,
  PRIMARY KEY (`id`)
) ENGINE=InnoDB DEFAULT CHARSET=latin1 COLLATE=latin1_swedish_ci;

INSERT INTO jeoXillityCrm_products VALUES ('AL2ZN2316F', 'test.', '', '171334391216706bed.jpg', '[]', '', 'In stock', '', '', 'no', 'no', 'no', '2.00', 'Published', '', '', '', '', '', '', '', '', '', 'no', 'no', 'no', 'no', '1711760437', '2024-03-30 01:00:37', '2024-04-17 23:05:02', 'XKHDLQA4CN', 'Flat', 'Public', '', 'no', '', 'no', 'no', 'no', 'no', '', '', '', '', '', '[\"AFDGY9YVSH\"]');
INSERT INTO jeoXillityCrm_products VALUES ('C8ELVKN7BP', 'test products', 'sdfsdfsdfsdfsdf', '17117375216651009d0b7e2038f3d421823799c3c1baf5c.png', '[]', '1212', 'In stock', '', '12', 'yes', 'yes', 'no', '10.00', 'Published', '', '', '', '', '', '', '', '', '2', 'yes', 'no', 'no', 'no', '1708385438', '2024-02-19 23:30:38', '2024-03-29 18:38:41', '7WUU7OT3D8', 'Flat', 'Public', '', 'no', '', 'no', 'no', 'no', 'yes', 'tp', '', '', 'this is a test product', '', '[\"UBWYT75SN3\"]');
INSERT INTO jeoXillityCrm_products VALUES ('KCYX7W94BL', 'Dolore explicabo Id', 'Atque sapiente eaque', '', '[]', '', 'In stock', '', '', 'no', 'no', 'no', '10.00', 'Published', '', '', '', '', '', '', '', '', '', 'no', 'no', 'no', 'no', '1711736661', '2024-03-29 18:24:21', '2024-04-11 23:06:12', 'admin', 'Flat', 'Public', '', 'no', '', 'no', 'no', 'no', 'no', 'Incididunt omnis bea', 'Maxime dolorem rerum', 'Dolor numquam magna ', 'Nulla sint labore vo', '', '[\"FOKXMMTP8E\",\"TGIDJ9G463\"]');
INSERT INTO jeoXillityCrm_products VALUES ('SK3R79KIZJ', 'Test Product', 'this is a test product', '170628270865179decent.jpg', '[]', '11111', 'In stock', 'Officia officiis aut', 'Saepe ab sit in pos', 'yes', 'yes', 'yes', '5.00', 'Published', '', '', '92', '86', '49', '43', '', 'https://www.fyqomaw.org.au', '85', 'yes', 'no', 'no', 'yes', '1706282708', '2024-01-26 15:25:08', '2024-03-29 00:04:42', 'admin', 'Discount', 'Protected', '', 'yes', 'Youtube', 'no', 'no', 'no', 'no', 'test', 'test', 'Ipsam illum dolore ', 'this is a test, 123', '85', '[\"AFDGY9YVSH\",\"FOKXMMTP8E\",\"PINSGVQNIP\",\"UBWYT75SN3\"]');
INSERT INTO jeoXillityCrm_products VALUES ('UOF19QWZET', 'Sequi reprehenderit', 'Officia accusantium..', '171376434977619Shahi_Masjid_Lahore.jpg', '[\"Shahi_Masjid_Lahore.jpg\"]', '.', 'In stock', '', '', 'no', 'no', 'no', '2.00', 'Published', '', '', '', '', '', '', '', '', '', 'no', 'no', 'no', 'no', '1713764349', '2024-04-22 05:39:09', '2024-04-30 01:38:46', 'admin', 'Flat', 'Protected', '', 'no', 'Youtube', 'no', 'no', 'no', 'no', 'Modi qui laborum rep', 'Excepteur aliquam eo', 'Reiciendis sit temp', 'Aut sed sunt esse r', '', '[\"AFDGY9YVSH\"]');
